{"block_bounds": {"blockA": [-1.25, -1.0833333333333333], "blockB": [-1.0833333333333333, -0.9166666666666666], "blockC": [-0.9166666666666667, -0.7500000000000001], "blockD": [-0.75, -0.5833333333333334], "blockE": [-0.5833333333333334, -0.41666666666666674], "blockF": [-0.41666666666666674, -0.2500000000000001], "blockG": [-0.25, -0.08333333333333334], "blockH": [-0.08333333333333348, 0.08333333333333318], "blockI": [0.08333333333333326, 0.24999999999999992], "blockJ": [0.25, 0.41666666666666663], "blockK": [0.4166666666666665, 0.5833333333333331], "blockL": [0.5833333333333333, 0.7499999999999999], "blockM": [0.75, 0.9166666666666666], "blockN": [0.9166666666666665, 1.0833333333333333], "blockO": [1.083333333333333, 1.2499999999999998]}, "locations": {"box1_pick_loc": [0.5, 0.16666666666666657, 1.03], "box1_drop_loc": [0.5, 0.3333333333333333, 1.03], "box2_pick_loc": [0.5, -0.5, 1.03], "box2_drop_loc": [0.5, 0.49999999999999983, 1.03], "box3_pick_loc": [0.5, -0.3333333333333334, 1.03], "box3_drop_loc": [0.5, -0.8333333333333335, 1.03], "box4_pick_loc": [0.5, 0.16666666666666657, 1.03], "box4_drop_loc": [0.5, -1.5265566588595902e-16, 1.03], "box5_pick_loc": [0.5, -0.8333333333333335, 1.03], "box5_drop_loc": [0.5, 0.16666666666666657, 1.03], "box6_pick_loc": [0.5, -0.5, 1.03], "box6_drop_loc": [0.5, -0.8333333333333335, 1.03], "box7_pick_loc": [0.5, -1.5265566588595902e-16, 1.03], "box7_drop_loc": [0.5, 0.49999999999999983, 1.03], "box8_pick_loc": [0.5, -1.0, 1.03], "box8_drop_loc": [0.5, 0.6666666666666665, 1.03], "box9_pick_loc": [0.5, 0.16666666666666657, 1.03], "box9_drop_loc": [0.5, -1.0, 1.03], "box10_pick_loc": [0.5, -1.1666666666666665, 1.03], "box10_drop_loc": [0.5, -0.5, 1.03], "box11_pick_loc": [0.5, 0.16666666666666657, 1.03], "box11_drop_loc": [0.5, -0.3333333333333334, 1.03], "box12_pick_loc": [0.5, -1.1666666666666665, 1.03], "box12_drop_loc": [0.5, -0.8333333333333335, 1.03], "box13_pick_loc": [0.5, 0.8333333333333333, 1.03], "box13_drop_loc": [0.5, -1.0, 1.03], "box14_pick_loc": [0.5, -0.3333333333333334, 1.03], "box14_drop_loc": [0.5, 0.3333333333333333, 1.03], "box15_pick_loc": [0.5, 0.8333333333333333, 1.03], "box15_drop_loc": [0.5, -0.6666666666666667, 1.03], "box16_pick_loc": [0.5, 0.16666666666666657, 1.03], "box16_drop_loc": [0.5, -0.16666666666666669, 1.03], "box17_pick_loc": [0.5, 0.49999999999999983, 1.03], "box17_drop_loc": [0.5, -0.16666666666666669, 1.03], "box18_pick_loc": [0.5, -1.5265566588595902e-16, 1.03], "box18_drop_loc": [0.5, -1.1666666666666665, 1.03], "box19_pick_loc": [0.5, 0.49999999999999983, 1.03], "box19_drop_loc": [0.5, -0.8333333333333335, 1.03], "box20_pick_loc": [0.5, 0.49999999999999983, 1.03], "box20_drop_loc": [0.5, -1.5265566588595902e-16, 1.03]}}