{"block_bounds": {"blockA": [-1.25, -1.15], "blockB": [-1.15, -1.0499999999999998], "blockC": [-1.05, -0.9500000000000001], "blockD": [-0.95, -0.85], "blockE": [-0.85, -0.75], "blockF": [-0.75, -0.65], "blockG": [-0.6499999999999999, -0.5499999999999999], "blockH": [-0.5499999999999999, -0.44999999999999996], "blockI": [-0.44999999999999996, -0.35], "blockJ": [-0.35, -0.24999999999999997], "blockK": [-0.25, -0.15], "blockL": [-0.1499999999999999, -0.049999999999999906], "blockM": [-0.04999999999999982, 0.05000000000000018], "blockN": [0.050000000000000044, 0.15000000000000005], "blockO": [0.15000000000000013, 0.2500000000000001], "blockP": [0.25, 0.35], "blockQ": [0.3500000000000001, 0.45000000000000007], "blockR": [0.4500000000000002, 0.5500000000000002], "blockS": [0.55, 0.65], "blockT": [0.6500000000000001, 0.7500000000000001], "blockU": [0.75, 0.85], "blockV": [0.8500000000000001, 0.9500000000000001], "blockW": [0.9500000000000002, 1.0500000000000003], "blockX": [1.0500000000000003, 1.1500000000000004], "blockY": [1.1500000000000004, 1.2500000000000004]}, "locations": {"box1_pick_loc": [0.5, 0.8, 1.03], "box1_drop_loc": [0.5, 1.0000000000000002, 1.03], "box2_pick_loc": [0.5, -0.8, 1.03], "box2_drop_loc": [0.5, 1.8041124150158794e-16, 1.03], "box3_pick_loc": [0.5, -0.8999999999999999, 1.03], "box3_drop_loc": [0.5, 0.8, 1.03], "box4_pick_loc": [0.5, 0.7000000000000002, 1.03], "box4_drop_loc": [0.5, 0.6000000000000001, 1.03], "box5_pick_loc": [0.5, 0.4000000000000001, 1.03], "box5_drop_loc": [0.5, -0.39999999999999997, 1.03]}}